model,auc,drop_train_na,epitope,nan_frequency,nan_alpha_frequency,nan_beta_frequency,positive_samples
RF seperate chains,0.9974305555555555,False,SSLENFRAYV,0.0,0.0,0.0,437.0
RF seperate chains,0.9972916666666667,True,SSLENFRAYV,0.0,0.0,0.0,437.0
RF seperate chains,0.9793814432989691,False,SSLENFRAYV,0.0,0.0,0.0,437.0
RF seperate chains,0.9823070493173587,True,SSLENFRAYV,0.0,0.0,0.0,437.0
RF seperate chains,0.9864570573023003,False,SSLENFRAYV,0.0,0.0,0.0,437.0
RF seperate chains,0.9835306927997822,True,SSLENFRAYV,0.0,0.0,0.0,437.0
RF seperate chains,0.9912056928034372,False,SSLENFRAYV,0.0,0.0,0.0,437.0
RF seperate chains,0.9924140708915146,True,SSLENFRAYV,0.0,0.0,0.0,437.0
RF seperate chains,0.9925137362637364,False,SSLENFRAYV,0.0,0.0,0.0,437.0
RF seperate chains,0.9910027472527473,True,SSLENFRAYV,0.0,0.0,0.0,437.0
RF seperate chains,0.9835644581407293,False,ASNENMETM,0.0,0.0,0.0,325.0
RF seperate chains,0.9818952234206472,True,ASNENMETM,0.0,0.0,0.0,325.0
RF seperate chains,0.990238336713996,False,ASNENMETM,0.0,0.0,0.0,325.0
RF seperate chains,0.9903651115618661,True,ASNENMETM,0.0,0.0,0.0,325.0
RF seperate chains,0.983707264957265,False,ASNENMETM,0.0,0.0,0.0,325.0
RF seperate chains,0.9794337606837606,True,ASNENMETM,0.0,0.0,0.0,325.0
RF seperate chains,0.991729128973895,False,ASNENMETM,0.0,0.0,0.0,325.0
RF seperate chains,0.9901783406565003,True,ASNENMETM,0.0,0.0,0.0,325.0
RF seperate chains,0.9908925318761385,False,ASNENMETM,0.0,0.0,0.0,325.0
RF seperate chains,0.9863387978142077,True,ASNENMETM,0.0,0.0,0.0,325.0
RF seperate chains,0.8962222222222221,False,LLWNGPMAV,0.544280442804428,0.15867158671586715,0.3856088560885609,542.0
RF seperate chains,0.8835555555555555,True,LLWNGPMAV,0.544280442804428,0.15867158671586715,0.3856088560885609,542.0
RF seperate chains,0.933084686265906,False,LLWNGPMAV,0.544280442804428,0.15867158671586715,0.3856088560885609,542.0
RF seperate chains,0.9056603773584906,True,LLWNGPMAV,0.544280442804428,0.15867158671586715,0.3856088560885609,542.0
RF seperate chains,0.910411622276029,False,LLWNGPMAV,0.544280442804428,0.15867158671586715,0.3856088560885609,542.0
RF seperate chains,0.9096045197740112,True,LLWNGPMAV,0.544280442804428,0.15867158671586715,0.3856088560885609,542.0
RF seperate chains,0.9055555555555556,False,LLWNGPMAV,0.544280442804428,0.15867158671586715,0.3856088560885609,542.0
RF seperate chains,0.8886363636363637,True,LLWNGPMAV,0.544280442804428,0.15867158671586715,0.3856088560885609,542.0
RF seperate chains,0.9150349650349651,False,LLWNGPMAV,0.544280442804428,0.15867158671586715,0.3856088560885609,542.0
RF seperate chains,0.9003496503496504,True,LLWNGPMAV,0.544280442804428,0.15867158671586715,0.3856088560885609,542.0
RF seperate chains,0.9442985746436611,False,CINGVCWTV,0.43548387096774194,0.018433179723502304,0.41705069124423966,434.0
RF seperate chains,0.9311702925731433,True,CINGVCWTV,0.43548387096774194,0.018433179723502304,0.41705069124423966,434.0
RF seperate chains,0.9365,False,CINGVCWTV,0.43548387096774194,0.018433179723502304,0.41705069124423966,434.0
RF seperate chains,0.90875,True,CINGVCWTV,0.43548387096774194,0.018433179723502304,0.41705069124423966,434.0
RF seperate chains,0.88796768707483,False,CINGVCWTV,0.43548387096774194,0.018433179723502304,0.41705069124423966,434.0
RF seperate chains,0.8854166666666667,True,CINGVCWTV,0.43548387096774194,0.018433179723502304,0.41705069124423966,434.0
RF seperate chains,0.9132,False,CINGVCWTV,0.43548387096774194,0.018433179723502304,0.41705069124423966,434.0
RF seperate chains,0.8962,True,CINGVCWTV,0.43548387096774194,0.018433179723502304,0.41705069124423966,434.0
RF seperate chains,0.9484020023103581,False,CINGVCWTV,0.43548387096774194,0.018433179723502304,0.41705069124423966,434.0
RF seperate chains,0.931651906045437,True,CINGVCWTV,0.43548387096774194,0.018433179723502304,0.41705069124423966,434.0
RF seperate chains,0.7501085540599218,False,IVTDFSVIK,0.036988110964332896,0.0,0.036988110964332896,757.0
RF seperate chains,0.7639552274810633,True,IVTDFSVIK,0.036988110964332896,0.0,0.036988110964332896,757.0
RF seperate chains,0.7856646825396826,False,IVTDFSVIK,0.036988110964332896,0.0,0.036988110964332896,757.0
RF seperate chains,0.7963293650793651,True,IVTDFSVIK,0.036988110964332896,0.0,0.036988110964332896,757.0
RF seperate chains,0.7420661553211889,False,IVTDFSVIK,0.036988110964332896,0.0,0.036988110964332896,757.0
RF seperate chains,0.7390220517737297,True,IVTDFSVIK,0.036988110964332896,0.0,0.036988110964332896,757.0
RF seperate chains,0.7776690221543162,False,IVTDFSVIK,0.036988110964332896,0.0,0.036988110964332896,757.0
RF seperate chains,0.7848309778456837,True,IVTDFSVIK,0.036988110964332896,0.0,0.036988110964332896,757.0
RF seperate chains,0.7452342178369575,False,IVTDFSVIK,0.036988110964332896,0.0,0.036988110964332896,757.0
RF seperate chains,0.7479643644027205,True,IVTDFSVIK,0.036988110964332896,0.0,0.036988110964332896,757.0
RF seperate chains,0.9808006535947712,False,SSPPMFRV,0.516320474777448,0.0,0.516320474777448,337.0
RF seperate chains,0.9685457516339869,True,SSPPMFRV,0.516320474777448,0.0,0.516320474777448,337.0
RF seperate chains,0.9570707070707071,False,SSPPMFRV,0.516320474777448,0.0,0.516320474777448,337.0
RF seperate chains,0.9381313131313131,True,SSPPMFRV,0.516320474777448,0.0,0.516320474777448,337.0
RF seperate chains,0.998193315266486,False,SSPPMFRV,0.516320474777448,0.0,0.516320474777448,337.0
RF seperate chains,0.998193315266486,True,SSPPMFRV,0.516320474777448,0.0,0.516320474777448,337.0
RF seperate chains,0.9951219512195122,False,SSPPMFRV,0.516320474777448,0.0,0.516320474777448,337.0
RF seperate chains,0.9868292682926829,True,SSPPMFRV,0.516320474777448,0.0,0.516320474777448,337.0
RF seperate chains,0.9444444444444444,False,SSPPMFRV,0.516320474777448,0.0,0.516320474777448,337.0
RF seperate chains,0.9354838709677419,True,SSPPMFRV,0.516320474777448,0.0,0.516320474777448,337.0
RF seperate chains,0.8934294871794872,False,KSKRTPMGF,0.27586206896551724,0.022988505747126436,0.25287356321839083,174.0
RF seperate chains,0.8717948717948718,True,KSKRTPMGF,0.27586206896551724,0.022988505747126436,0.25287356321839083,174.0
RF seperate chains,0.9506172839506173,False,KSKRTPMGF,0.27586206896551724,0.022988505747126436,0.25287356321839083,174.0
RF seperate chains,0.8783068783068783,True,KSKRTPMGF,0.27586206896551724,0.022988505747126436,0.25287356321839083,174.0
RF seperate chains,0.9095652173913044,False,KSKRTPMGF,0.27586206896551724,0.022988505747126436,0.25287356321839083,174.0
RF seperate chains,0.9052173913043479,True,KSKRTPMGF,0.27586206896551724,0.022988505747126436,0.25287356321839083,174.0
RF seperate chains,0.8914956011730205,False,KSKRTPMGF,0.27586206896551724,0.022988505747126436,0.25287356321839083,174.0
RF seperate chains,0.8621700879765396,True,KSKRTPMGF,0.27586206896551724,0.022988505747126436,0.25287356321839083,174.0
RF seperate chains,0.9017857142857143,False,KSKRTPMGF,0.27586206896551724,0.022988505747126436,0.25287356321839083,174.0
RF seperate chains,0.8504464285714286,True,KSKRTPMGF,0.27586206896551724,0.022988505747126436,0.25287356321839083,174.0
RF seperate chains,0.8956521739130435,False,ATDALMTGF,0.24858757062146894,0.07344632768361582,0.1751412429378531,177.0
RF seperate chains,0.8782608695652173,True,ATDALMTGF,0.24858757062146894,0.07344632768361582,0.1751412429378531,177.0
RF seperate chains,0.9017543859649123,False,ATDALMTGF,0.24858757062146894,0.07344632768361582,0.1751412429378531,177.0
RF seperate chains,0.8771929824561403,True,ATDALMTGF,0.24858757062146894,0.07344632768361582,0.1751412429378531,177.0
RF seperate chains,0.9090909090909092,False,ATDALMTGF,0.24858757062146894,0.07344632768361582,0.1751412429378531,177.0
RF seperate chains,0.8735795454545455,True,ATDALMTGF,0.24858757062146894,0.07344632768361582,0.1751412429378531,177.0
RF seperate chains,0.9308755760368663,False,ATDALMTGF,0.24858757062146894,0.07344632768361582,0.1751412429378531,177.0
RF seperate chains,0.890168970814132,True,ATDALMTGF,0.24858757062146894,0.07344632768361582,0.1751412429378531,177.0
RF seperate chains,0.9169960474308301,False,ATDALMTGF,0.24858757062146894,0.07344632768361582,0.1751412429378531,177.0
RF seperate chains,0.9209486166007905,True,ATDALMTGF,0.24858757062146894,0.07344632768361582,0.1751412429378531,177.0
RF seperate chains,0.6277387640449438,False,RLRAEAQVK,0.0,0.0,0.0,431.0
RF seperate chains,0.6381320224719101,True,RLRAEAQVK,0.0,0.0,0.0,431.0
RF seperate chains,0.5787561755303691,False,RLRAEAQVK,0.0,0.0,0.0,431.0
RF seperate chains,0.5895815170008718,True,RLRAEAQVK,0.0,0.0,0.0,431.0
RF seperate chains,0.6595361567271679,False,RLRAEAQVK,0.0,0.0,0.0,431.0
RF seperate chains,0.670916162489196,True,RLRAEAQVK,0.0,0.0,0.0,431.0
RF seperate chains,0.7087172218284905,False,RLRAEAQVK,0.0,0.0,0.0,431.0
RF seperate chains,0.7288447909284196,True,RLRAEAQVK,0.0,0.0,0.0,431.0
RF seperate chains,0.7030101262311,False,RLRAEAQVK,0.0,0.0,0.0,431.0
RF seperate chains,0.6830350950201138,True,RLRAEAQVK,0.0,0.0,0.0,431.0
RF seperate chains,0.9836734693877551,False,HGIRNASFI,0.0,0.0,0.0,288.0
RF seperate chains,0.9797488226059655,True,HGIRNASFI,0.0,0.0,0.0,288.0
RF seperate chains,0.9786283891547048,False,HGIRNASFI,0.0,0.0,0.0,288.0
RF seperate chains,0.9757575757575757,True,HGIRNASFI,0.0,0.0,0.0,288.0
RF seperate chains,0.9841197822141561,False,HGIRNASFI,0.0,0.0,0.0,288.0
RF seperate chains,0.9832123411978222,True,HGIRNASFI,0.0,0.0,0.0,288.0
RF seperate chains,0.9766470770182493,False,HGIRNASFI,0.0,0.0,0.0,288.0
RF seperate chains,0.9761831116609959,True,HGIRNASFI,0.0,0.0,0.0,288.0
RF seperate chains,0.9846405228758169,False,HGIRNASFI,0.0,0.0,0.0,288.0
RF seperate chains,0.980718954248366,True,HGIRNASFI,0.0,0.0,0.0,288.0
RF seperate chains,0.9505747126436782,False,LSLRNPILV,0.0,0.0,0.0,155.0
RF seperate chains,0.9477011494252874,True,LSLRNPILV,0.0,0.0,0.0,155.0
RF seperate chains,0.9781105990783411,False,LSLRNPILV,0.0,0.0,0.0,155.0
RF seperate chains,0.9792626728110598,True,LSLRNPILV,0.0,0.0,0.0,155.0
RF seperate chains,0.9333333333333333,False,LSLRNPILV,0.0,0.0,0.0,155.0
RF seperate chains,0.9196428571428572,True,LSLRNPILV,0.0,0.0,0.0,155.0
RF seperate chains,0.9622222222222222,False,LSLRNPILV,0.0,0.0,0.0,155.0
RF seperate chains,0.9522222222222222,True,LSLRNPILV,0.0,0.0,0.0,155.0
RF seperate chains,0.962962962962963,False,LSLRNPILV,0.0,0.0,0.0,155.0
RF seperate chains,0.946236559139785,True,LSLRNPILV,0.0,0.0,0.0,155.0
RF seperate chains,0.9941380935548486,False,SSYRRPVGI,0.0,0.0,0.0,661.0
RF seperate chains,0.9941970071874632,True,SSYRRPVGI,0.0,0.0,0.0,661.0
RF seperate chains,0.9909351145038168,False,SSYRRPVGI,0.0,0.0,0.0,661.0
RF seperate chains,0.9948413645038168,True,SSYRRPVGI,0.0,0.0,0.0,661.0
RF seperate chains,0.9917391304347826,False,SSYRRPVGI,0.0,0.0,0.0,661.0
RF seperate chains,0.9934492753623188,True,SSYRRPVGI,0.0,0.0,0.0,661.0
RF seperate chains,0.997385259013166,False,SSYRRPVGI,0.0,0.0,0.0,661.0
RF seperate chains,0.9973852590131659,True,SSYRRPVGI,0.0,0.0,0.0,661.0
RF seperate chains,0.9957759412304867,False,SSYRRPVGI,0.0,0.0,0.0,661.0
RF seperate chains,0.9951943679216406,True,SSYRRPVGI,0.0,0.0,0.0,661.0
RF seperate chains,0.9064327485380117,False,DATYQRTRALVR,0.2323943661971831,0.09154929577464789,0.14084507042253522,142.0
RF seperate chains,0.8932748538011697,True,DATYQRTRALVR,0.2323943661971831,0.09154929577464789,0.14084507042253522,142.0
RF seperate chains,0.7586956521739131,False,DATYQRTRALVR,0.2323943661971831,0.09154929577464789,0.14084507042253522,142.0
RF seperate chains,0.8043478260869565,True,DATYQRTRALVR,0.2323943661971831,0.09154929577464789,0.14084507042253522,142.0
RF seperate chains,0.8817391304347826,False,DATYQRTRALVR,0.2323943661971831,0.09154929577464789,0.14084507042253522,142.0
RF seperate chains,0.8886956521739131,True,DATYQRTRALVR,0.2323943661971831,0.09154929577464789,0.14084507042253522,142.0
RF seperate chains,0.88,False,DATYQRTRALVR,0.2323943661971831,0.09154929577464789,0.14084507042253522,142.0
RF seperate chains,0.8741176470588234,True,DATYQRTRALVR,0.2323943661971831,0.09154929577464789,0.14084507042253522,142.0
RF seperate chains,0.8287037037037036,False,DATYQRTRALVR,0.2323943661971831,0.09154929577464789,0.14084507042253522,142.0
RF seperate chains,0.8136574074074074,True,DATYQRTRALVR,0.2323943661971831,0.09154929577464789,0.14084507042253522,142.0
RF seperate chains,0.773148148148148,False,LTDEMIAQY,0.0,0.0,0.0,135.0
RF seperate chains,0.7592592592592593,True,LTDEMIAQY,0.0,0.0,0.0,135.0
RF seperate chains,0.6525000000000001,False,LTDEMIAQY,0.0,0.0,0.0,135.0
RF seperate chains,0.6558333333333334,True,LTDEMIAQY,0.0,0.0,0.0,135.0
RF seperate chains,0.7407407407407407,False,LTDEMIAQY,0.0,0.0,0.0,135.0
RF seperate chains,0.7415458937198067,True,LTDEMIAQY,0.0,0.0,0.0,135.0
RF seperate chains,0.833076923076923,False,LTDEMIAQY,0.0,0.0,0.0,135.0
RF seperate chains,0.8076923076923077,True,LTDEMIAQY,0.0,0.0,0.0,135.0
RF seperate chains,0.7477272727272727,False,LTDEMIAQY,0.0,0.0,0.0,135.0
RF seperate chains,0.7651515151515151,True,LTDEMIAQY,0.0,0.0,0.0,135.0
RF seperate chains,0.7190319934372437,False,TTDPSFLGRY,0.0,0.0,0.0,254.0
RF seperate chains,0.6804757998359311,True,TTDPSFLGRY,0.0,0.0,0.0,254.0
RF seperate chains,0.7114285714285715,False,TTDPSFLGRY,0.0,0.0,0.0,254.0
RF seperate chains,0.7010204081632653,True,TTDPSFLGRY,0.0,0.0,0.0,254.0
RF seperate chains,0.7274871355060035,False,TTDPSFLGRY,0.0,0.0,0.0,254.0
RF seperate chains,0.7369210977701544,True,TTDPSFLGRY,0.0,0.0,0.0,254.0
RF seperate chains,0.7342641843971631,False,TTDPSFLGRY,0.0,0.0,0.0,254.0
RF seperate chains,0.7333776595744681,True,TTDPSFLGRY,0.0,0.0,0.0,254.0
RF seperate chains,0.6282679738562091,False,TTDPSFLGRY,0.0,0.0,0.0,254.0
RF seperate chains,0.6350081699346405,True,TTDPSFLGRY,0.0,0.0,0.0,254.0
RF seperate chains,0.888454861111111,False,SPRWYFYYL,0.37216828478964403,0.05825242718446602,0.313915857605178,309.0
RF seperate chains,0.8546006944444444,True,SPRWYFYYL,0.37216828478964403,0.05825242718446602,0.313915857605178,309.0
RF seperate chains,0.8396164021164022,False,SPRWYFYYL,0.37216828478964403,0.05825242718446602,0.313915857605178,309.0
RF seperate chains,0.8075396825396824,True,SPRWYFYYL,0.37216828478964403,0.05825242718446602,0.313915857605178,309.0
RF seperate chains,0.8746345029239766,False,SPRWYFYYL,0.37216828478964403,0.05825242718446602,0.313915857605178,309.0
RF seperate chains,0.859283625730994,True,SPRWYFYYL,0.37216828478964403,0.05825242718446602,0.313915857605178,309.0
RF seperate chains,0.8722222222222222,False,SPRWYFYYL,0.37216828478964403,0.05825242718446602,0.313915857605178,309.0
RF seperate chains,0.8303418803418804,True,SPRWYFYYL,0.37216828478964403,0.05825242718446602,0.313915857605178,309.0
RF seperate chains,0.8863281249999999,False,SPRWYFYYL,0.37216828478964403,0.05825242718446602,0.313915857605178,309.0
RF seperate chains,0.8386718750000001,True,SPRWYFYYL,0.37216828478964403,0.05825242718446602,0.313915857605178,309.0
