epitope,drop_train_nan,seed,auc,alpha_only_count_pos,beta_only_count_pos,both_count_pos,non_count_pos,model,a_frac,b_frac,both_frac,non_frac,auc_alpha,auc_beta
NLVPMVATV,True,0,0.6176470588235293,364,746,90,0,Random Forest (both chains (with missing)),0.30333333333333334,0.6216666666666667,0.075,0.0,0.6176470588235293,0.3294117647058824
NLVPMVATV,False,0,0.611764705882353,364,746,90,0,Random Forest (single chain (no missing)),0.30333333333333334,0.6216666666666667,0.075,0.0,,
NLVPMVATV,True,1,0.5875,334,780,86,0,Random Forest (both chains (with missing)),0.2783333333333333,0.65,0.07166666666666667,0.0,0.5875,0.4041666666666667
NLVPMVATV,False,1,0.7416666666666667,334,780,86,0,Random Forest (single chain (no missing)),0.2783333333333333,0.65,0.07166666666666667,0.0,,
NLVPMVATV,True,2,0.40740740740740744,342,776,82,0,Random Forest (both chains (with missing)),0.285,0.6466666666666666,0.06833333333333333,0.0,0.36574074074074076,0.40740740740740744
NLVPMVATV,False,2,0.75,342,776,82,0,Random Forest (single chain (no missing)),0.285,0.6466666666666666,0.06833333333333333,0.0,,
NLVPMVATV,True,3,0.538235294117647,345,769,86,0,Random Forest (both chains (with missing)),0.2875,0.6408333333333334,0.07166666666666667,0.0,0.538235294117647,0.2647058823529411
NLVPMVATV,False,3,0.5058823529411764,345,769,86,0,Random Forest (single chain (no missing)),0.2875,0.6408333333333334,0.07166666666666667,0.0,,
NLVPMVATV,True,4,0.4871794871794871,371,751,78,0,Random Forest (both chains (with missing)),0.30916666666666665,0.6258333333333334,0.065,0.0,0.0,0.4871794871794871
NLVPMVATV,False,4,0.5512820512820513,371,751,78,0,Random Forest (single chain (no missing)),0.30916666666666665,0.6258333333333334,0.065,0.0,,
TPRVTGGGAM,True,0,0.5256410256410257,8,479,103,0,Random Forest (both chains (with missing)),0.013559322033898305,0.811864406779661,0.17457627118644067,0.0,0.5256410256410257,0.41025641025641024
TPRVTGGGAM,False,0,0.9658119658119658,8,479,103,0,Random Forest (single chain (no missing)),0.013559322033898305,0.811864406779661,0.17457627118644067,0.0,,
TPRVTGGGAM,True,1,0.24848484848484848,7,483,100,0,Random Forest (both chains (with missing)),0.011864406779661017,0.8186440677966101,0.1694915254237288,0.0,0.15151515151515155,0.24848484848484848
TPRVTGGGAM,False,1,0.9515151515151515,7,483,100,0,Random Forest (single chain (no missing)),0.011864406779661017,0.8186440677966101,0.1694915254237288,0.0,,
TPRVTGGGAM,True,2,0.559375,6,484,100,0,Random Forest (both chains (with missing)),0.010169491525423728,0.8203389830508474,0.1694915254237288,0.0,0.140625,0.559375
TPRVTGGGAM,False,2,0.875,6,484,100,0,Random Forest (single chain (no missing)),0.010169491525423728,0.8203389830508474,0.1694915254237288,0.0,,
TPRVTGGGAM,True,3,0.712121212121212,6,475,109,0,Random Forest (both chains (with missing)),0.010169491525423728,0.8050847457627118,0.1847457627118644,0.0,0.712121212121212,0.6363636363636364
TPRVTGGGAM,False,3,1.0,6,475,109,0,Random Forest (single chain (no missing)),0.010169491525423728,0.8050847457627118,0.1847457627118644,0.0,,
TPRVTGGGAM,True,4,0.955621301775148,7,484,99,0,Random Forest (both chains (with missing)),0.011864406779661017,0.8203389830508474,0.16779661016949152,0.0,0.955621301775148,0.3757396449704142
TPRVTGGGAM,False,4,1.0,7,484,99,0,Random Forest (single chain (no missing)),0.011864406779661017,0.8203389830508474,0.16779661016949152,0.0,,
ELAGIGILTV,True,0,0.5834502103786815,0,1014,186,0,Random Forest (both chains (with missing)),0.0,0.845,0.155,0.0,0.5140252454417953,0.5834502103786815
ELAGIGILTV,False,0,0.847124824684432,0,1014,186,0,Random Forest (single chain (no missing)),0.0,0.845,0.155,0.0,,
ELAGIGILTV,True,1,0.5414438502673797,1,1001,198,0,Random Forest (both chains (with missing)),0.0008333333333333334,0.8341666666666666,0.165,0.0,0.5340909090909091,0.5414438502673797
ELAGIGILTV,False,1,0.9271390374331551,1,1001,198,0,Random Forest (single chain (no missing)),0.0008333333333333334,0.8341666666666666,0.165,0.0,,
ELAGIGILTV,True,2,0.6666666666666666,1,994,205,0,Random Forest (both chains (with missing)),0.0008333333333333334,0.8283333333333334,0.17083333333333334,0.0,0.5655172413793104,0.6666666666666666
ELAGIGILTV,False,2,0.9040229885057471,1,994,205,0,Random Forest (single chain (no missing)),0.0008333333333333334,0.8283333333333334,0.17083333333333334,0.0,,
ELAGIGILTV,True,3,0.5875,0,997,203,0,Random Forest (both chains (with missing)),0.0,0.8308333333333333,0.16916666666666666,0.0,0.5788461538461539,0.5875
ELAGIGILTV,False,3,0.9038461538461539,0,997,203,0,Random Forest (single chain (no missing)),0.0,0.8308333333333333,0.16916666666666666,0.0,,
ELAGIGILTV,True,4,0.5084889643463497,1,1012,187,0,Random Forest (both chains (with missing)),0.0008333333333333334,0.8433333333333334,0.15583333333333332,0.0,0.46519524617996605,0.5084889643463497
ELAGIGILTV,False,4,0.9431239388794568,1,1012,187,0,Random Forest (single chain (no missing)),0.0008333333333333334,0.8433333333333334,0.15583333333333332,0.0,,
